participant,source,ptsd,demo_age,demo_sex,demo_nonwhite,task,WC,i,we,emo_neg,emo_pos,allnone,cogproc,Perception,sentiment
P001,clinic,1,35,Female,FALSE,Account,2073,10.150760869565218,0.17771739130434783,2.6691847826086956,0.7221195652173913,0.9470652173913043,16.959728260869564,8.128152173913044,1
P001,clinic,1,35,Female,FALSE,Impact,1675,7.845463917525773,0.5889690721649484,1.5118556701030927,0.771340206185567,1.482680412371134,18.401134020618557,9.070618556701032,1
P002,clinic,1,21,Female,FALSE,Account,1208,6.151574074074074,1.2573148148148148,1.7475,0.4373148148148148,2.1576851851851853,13.817407407407407,12.23037037037037,1
P002,clinic,1,21,Female,FALSE,Impact,1340,10.582631578947368,0.13456140350877194,0.7737719298245613,1.1403508771929824,2.0763157894736843,17.60017543859649,7.885964912280702,2
P003,clinic,1,34,Male,FALSE,Account,1187,7.110503597122302,0.8795683453237411,0.5631654676258993,0.1079136690647482,0.8505755395683453,9.46841726618705,7.323669064748201,1
P003,clinic,1,34,Male,FALSE,Impact,1053,8.962738095238095,0.2978571428571429,0.7282142857142857,0.19749999999999998,3.118333333333333,16.78107142857143,19.02452380952381,1
P004,clinic,1,39,Female,TRUE,Account,3266,10.568123076923078,0.3854153846153846,0.4104,0.05384615384615385,1.7544923076923076,9.183292307692307,13.981323076923077,1
P004,clinic,1,39,Female,TRUE,Impact,1823,8.190983606557378,0.08651639344262295,0.43426229508196723,0.7413114754098361,1.378032786885246,15.54516393442623,8.755983606557377,3
P005,clinic,1,59,Female,FALSE,Account,773,9.63,1.2682608695652173,1.4163043478260868,0.39152173913043475,0.24217391304347827,10.852608695652174,8.588260869565218,1
P005,clinic,1,59,Female,FALSE,Impact,878,10.485232558139534,0.1441860465116279,1.6148837209302325,0.5194186046511627,2.4032558139534883,17.836860465116278,6.817558139534883,2
P006,clinic,1,36,Female,TRUE,Account,2275,10.892620087336244,1.1156768558951966,0.7523144104803493,0.36707423580786025,2.0341048034934497,10.239344978165938,8.985807860262009,1
P006,clinic,1,36,Female,TRUE,Impact,1683,10.448986486486486,0.22378378378378377,0.966418918918919,0.3368243243243243,1.8256081081081081,14.196351351351352,6.909054054054054,3
P007,clinic,1,31,Female,FALSE,Account,1360,8.368701298701298,1.3445454545454545,1.2905194805194804,0.0722077922077922,0.7614285714285715,12.226103896103895,9.457922077922078,1
P007,clinic,1,31,Female,FALSE,Impact,800,10.0075,0.3775,0.6849999999999999,0.45266666666666666,5.1415,18.8515,5.336166666666666,1
P008,clinic,1,21,Female,FALSE,Account,1168,10.405263157894737,0.2903157894736842,0.8486315789473684,0.7238947368421053,1.4306315789473685,16.75642105263158,9.003578947368421,1
P008,clinic,1,21,Female,FALSE,Impact,1568,15.149291338582676,0,0.8187401574803149,0.18559055118110235,1.078740157480315,20.596614173228346,8.185433070866141,1
P009,clinic,1,47,Female,FALSE,Account,959,7.0044,1.1064,2.0992,0.708,1.0189333333333332,19.237733333333335,9.4756,1
P009,clinic,1,47,Female,FALSE,Impact,996,7.850489510489511,0.11657342657342659,0.7837762237762237,0.883006993006993,1.7827272727272727,21.296433566433567,9.394685314685315,3
P010,clinic,1,44,Female,TRUE,Account,1738,14.020105263157895,0.3078947368421053,1.2056842105263157,0.42936842105263157,2.349473684210526,12.327894736842104,6.236315789473684,1
P010,clinic,1,44,Female,TRUE,Impact,1805,15.20661224489796,0.21187755102040814,1.6086122448979592,2.7157142857142857,2.1944081632653063,18.068653061224488,5.59669387755102,1
P011,clinic,1,42,Female,FALSE,Account,2835,7.5575,0.5470121951219512,0.755,0.16329268292682927,1.6011585365853658,13.394451219512195,7.808353658536586,2
P011,clinic,1,42,Female,FALSE,Impact,1529,7.214315068493151,0.19472602739726028,2.113972602739726,0.9712328767123287,2.1235616438356164,18.256986301369864,6.148013698630137,1
P012,clinic,1,30,Female,TRUE,Account,2215,10.405853658536586,1.493089430894309,0.18146341463414634,0.3105691056910569,1.1334146341463414,9.305853658536586,13.273577235772358,1
P012,clinic,1,30,Female,TRUE,Impact,2111,10.939929078014185,0.3546099290780142,0.3697163120567376,0.13929078014184396,1.5929078014184397,20.54659574468085,7.555390070921986,2
P013,clinic,1,47,Female,FALSE,Account,1030,7.778553719008264,1.7347933884297522,1.4646280991735536,0.1859504132231405,0.5352479338842975,10.746363636363636,9.93396694214876,1
P013,clinic,1,47,Female,FALSE,Impact,1041,8.888714285714286,0.614,1.1384285714285713,1.016857142857143,3.4788571428571426,17.304285714285715,10.286857142857142,2
P014,clinic,1,22,Male,FALSE,Account,698,9.440864197530864,0.31765432098765434,0.9602057613168724,0.39028806584362136,0.43176954732510286,6.109506172839506,4.290164609053498,1
P014,clinic,1,22,Male,FALSE,Impact,1565,14.389456066945607,0.3875732217573222,1.6141422594142258,0.2123430962343096,0.9479497907949791,20.356778242677823,4.006569037656904,2
P015,clinic,0,21,Female,FALSE,Account,1794,11.492280701754385,1.1121929824561403,1.163859649122807,0.21368421052631578,2.2268421052631577,17.453684210526315,8.240877192982456,1
P015,clinic,0,21,Female,FALSE,Impact,3021,10.795689655172414,1.0374568965517241,0.6133189655172414,0.2565948275862069,1.4468103448275862,16.807758620689654,7.379568965517241,2
P016,clinic,1,25,Female,TRUE,Account,1508,9.308374384236453,1.1896059113300492,0.616256157635468,0,2.0905418719211823,11.161379310344827,11.778177339901477,1
P016,clinic,1,25,Female,TRUE,Impact,1717,10.393692946058092,0.08066390041493776,1.5024896265560166,1.2066390041493775,1.9598755186721992,17.54630705394191,7.720539419087137,1
P017,clinic,1,25,Female,FALSE,Account,1148,9.782173913043477,0.2989855072463768,1.6520289855072463,0.10347826086956521,1.5604347826086957,20.97536231884058,6.0859420289855075,1
P017,clinic,1,25,Female,FALSE,Impact,1477,12.110702702702703,0.16735135135135135,1.2263783783783784,0.9411891891891891,2.1065405405405406,19.16945945945946,6.068918918918919,2
P018,clinic,1,44,Male,TRUE,Account,1481,9.42393665158371,1.9209502262443439,2.3284615384615384,0.6309502262443438,1.9247963800904977,13.598552036199095,9.650361990950227,2
P018,clinic,1,44,Male,TRUE,Impact,1688,9.057906976744185,0.258546511627907,0.41424418604651164,0.7243023255813953,2.6127906976744186,19.36046511627907,5.137267441860465,2
P019,clinic,1,26,Female,FALSE,Account,1193,10.797966101694914,1.1986440677966101,3.442033898305085,0.2193220338983051,1.4639830508474576,12.712033898305085,10.20593220338983,1
P019,clinic,1,26,Female,FALSE,Impact,2068,9.780408163265307,0.5620408163265306,1.9114795918367347,0.15943877551020408,2.776173469387755,16.309489795918367,5.706224489795918,1
P020,clinic,1,35,Female,FALSE,Account,1834,9.337959183673469,1.3141836734693877,1.1199999999999999,0.15081632653061225,0.9241836734693877,12.39234693877551,11.969795918367346,2
P020,clinic,1,35,Female,FALSE,Impact,2222,9.812242647058824,0.59625,0.9,0.15419117647058822,2.203345588235294,19.094926470588234,8.291838235294117,2
P021,clinic,1,19,Female,TRUE,Account,1648,9.476058394160583,0.8036496350364963,0.7348905109489051,0.4356934306569343,1.0876642335766422,20.35832116788321,5.2152554744525546,1
P021,clinic,1,19,Female,TRUE,Impact,2349,13.281590909090909,0.3503030303030303,0.22424242424242424,0.6107575757575757,1.2044696969696969,20.643863636363637,6.097045454545454,1
P022,clinic,1,32,Female,FALSE,Account,2029,5.392413793103448,2.509137931034483,1.0472413793103448,0.45672413793103445,0.9912931034482758,11.14301724137931,8.724655172413794,1
P022,clinic,1,32,Female,FALSE,Impact,1174,11.913917525773195,0.4022680412371134,1.0330927835051547,0.8634020618556701,4.072061855670103,19.211752577319587,5.421649484536083,1
P023,clinic,1,42,Female,TRUE,Account,1327,9.93855072463768,0.7617391304347826,0.22144927536231884,0.20072463768115942,1.1582608695652175,13.048405797101449,10.090144927536231,1
P023,clinic,1,42,Female,TRUE,Impact,662,14.28171875,0,0.96296875,0.091875,1.57828125,23.97984375,8.46234375,1
P024,clinic,1,47,Female,FALSE,Account,2672,9.645414847161572,0.5505676855895196,2.1723144104803493,0.36393013100436683,1.915414847161572,10.928078602620088,12.356943231441049,1
P024,clinic,1,47,Female,FALSE,Impact,2257,10.552251655629139,0.4463576158940397,0.903841059602649,0.20602649006622517,1.8825165562913908,18.402450331125827,6.586622516556291,2
P025,clinic,1,22,Female,FALSE,Account,1846,8.473681592039801,0.6313930348258706,2.3817412935323383,1.4639303482587065,1.2392039800995025,17.927661691542287,8.549850746268657,1
P025,clinic,1,22,Female,FALSE,Impact,1975,11.8404,0.39994285714285716,1.4584,0.7612571428571429,1.8786285714285715,19.795542857142856,8.420514285714285,2
P026,clinic,0,44,Female,TRUE,Account,2673,8.942073170731707,0.5798170731707317,1.0222560975609756,0.26134146341463416,1.6355487804878048,14.032743902439025,8.935182926829269,1
P026,clinic,0,44,Female,TRUE,Impact,2774,12.935479452054794,0.029794520547945205,0.6073972602739726,0.5017808219178082,1.6186301369863012,18.026095890410957,6.32527397260274,4
P027,clinic,1,29,Female,FALSE,Account,1337,8.787765363128491,1.0882122905027933,0.7156983240223463,0.6555865921787709,1.8050837988826816,16.57927374301676,7.47608938547486,1
P027,clinic,1,29,Female,FALSE,Impact,1987,10.651221374045802,0.7874045801526718,0.5820610687022901,0.8733587786259542,0.988854961832061,19.6093893129771,8.125343511450382,2
P028,clinic,1,43,Male,FALSE,Account,1893,15.864859437751004,0.459718875502008,1.024578313253012,0,1.1223694779116467,13.873614457831325,7.5874297188755015,2
P028,clinic,1,43,Male,FALSE,Impact,2247,10.273106796116505,0.4210032362459547,1.0707766990291263,0.5988673139158576,1.401812297734628,18.127508090614885,7.6870873786407765,1
P029,clinic,1,52,Female,FALSE,Account,1677,9.217386363636363,1.5188636363636363,0.5119318181818182,0.29261363636363635,2.386477272727273,15.491818181818182,7.763522727272727,1
P029,clinic,1,52,Female,FALSE,Impact,984,14.158928571428572,0.4089285714285714,0.6903571428571428,0,1.6557142857142857,17.250535714285714,7.023392857142857,1
P030,clinic,1,43,Female,FALSE,Account,2588,9.562185185185186,0.5651481481481482,0.8139259259259259,0.7687037037037037,2.180888888888889,18.02962962962963,7.925814814814815,1
P030,clinic,1,43,Female,FALSE,Impact,1942,9.218681318681318,0.2603663003663004,0.6337728937728938,0.5543223443223443,2.0167032967032967,22.02201465201465,6.592820512820513,1
P031,clinic,1,39,Female,FALSE,Account,919,8.646602870813396,0,1.8678947368421053,1.178133971291866,1.412775119617225,11.996985645933014,8.469186602870813,1
P031,clinic,1,39,Female,FALSE,Impact,2498,10.723721590909092,0.6074147727272727,1.0697443181818183,0.6659659090909091,1.5474431818181817,18.711761363636363,7.458267045454545,2
P032,clinic,1,34,Female,FALSE,Account,1604,10.910568181818181,0.6639772727272727,1.0842045454545455,0.1265909090909091,0.4456818181818182,12.55409090909091,8.964204545454546,1
P032,clinic,1,34,Female,FALSE,Impact,2760,7.844726368159204,0.5783830845771144,1.9338059701492538,1.0531094527363185,1.904228855721393,16.127039800995025,6.345373134328359,2
P033,clinic,1,27,Female,TRUE,Account,1552,9.667414634146342,0.6540487804878049,3.8625853658536586,0.46082926829268295,0.9960975609756098,15.83990243902439,9.702390243902439,1
P033,clinic,1,27,Female,TRUE,Impact,3084,8.280529411764705,0.5079411764705882,0.758235294117647,0.15305882352941177,1.2788235294117647,15.900882352941176,7.776529411764706,1
P034,clinic,1,52,Female,FALSE,Account,1373,8.04040404040404,0.24181818181818182,1.2567676767676768,0.3325252525252525,1.416060606060606,17.666868686868686,6.21010101010101,1
P034,clinic,1,52,Female,FALSE,Impact,1546,6.631179245283019,0.1735377358490566,0.5778301886792453,0.48537735849056607,1.8981132075471698,16.324481132075473,5.948160377358491,2
P035,clinic,0,26,Female,FALSE,Account,1492,11.027005076142132,0.2185279187817259,1.0601522842639595,0.40670050761421317,0.6168020304568528,15.495989847715736,10.51736040609137,2
P035,clinic,0,26,Female,FALSE,Impact,1008,8.773149606299212,0.07157480314960629,0.34,0.0984251968503937,0.4746456692913386,19.713385826771653,6.200551181102362,4
P036,clinic,1,44,Female,FALSE,Account,1287,7.532564102564103,2.40474358974359,1.6132051282051283,0.058333333333333334,0.5584615384615385,14.16576923076923,9.951025641025641,1
P036,clinic,1,44,Female,FALSE,Impact,1847,9.465149253731344,0.3542537313432836,1.1565671641791044,0.8047014925373134,1.0423880597014925,18.444850746268656,9.752537313432835,2
P037,clinic,1,23,Male,FALSE,Account,832,6.617384615384616,0.6116923076923076,1.2953846153846154,0.23476923076923076,0.7172307692307692,13.417384615384615,8.451384615384615,1
P037,clinic,1,23,Male,FALSE,Impact,1634,8.99,0.23732394366197182,1.4091079812206573,0.8074647887323944,1.7821596244131455,17.057746478873238,7.127136150234742,2
P038,clinic,1,65,Female,FALSE,Account,2288,11.290076335877862,0.08732824427480916,0.9836641221374045,0.13221374045801526,1.2358778625954199,17.548167938931297,10.007709923664121,2
P038,clinic,1,65,Female,FALSE,Impact,2987,11.578888888888889,0.5108823529411765,0.9827777777777778,0.6477124183006536,1.992908496732026,16.35748366013072,8.450359477124183,2
P039,clinic,1,36,Female,FALSE,Account,2106,11.888769230769231,0.9268461538461539,1.3844615384615384,0.21807692307692306,1.0937692307692308,17.19876923076923,8.839923076923077,1
P039,clinic,1,36,Female,FALSE,Impact,1262,12.574861111111112,0,0.6445833333333333,0.7990277777777778,1.4754166666666666,18.39097222222222,9.569444444444445,1
P040,clinic,1,23,Female,FALSE,Account,1527,12.856382978723405,0.5878723404255319,1.5278723404255319,0.0625531914893617,1.3548936170212766,9.031063829787234,12.182765957446808,1
P040,clinic,1,23,Female,FALSE,Impact,1372,13.987894736842104,0.3509210526315789,1.3180263157894736,0.5484210526315789,2.5164473684210527,15.283815789473683,8.851447368421052,2
P041,clinic,1,25,Female,FALSE,Account,970,9.801868131868131,1.062087912087912,1.9065934065934065,0.31725274725274727,0.6719780219780219,16.303186813186812,9.51010989010989,1
P041,clinic,1,25,Female,FALSE,Impact,990,8.05360655737705,0,0.5240983606557377,0.7350819672131148,0.9649180327868853,20.525409836065574,7.96655737704918,2
P042,clinic,1,47,Female,FALSE,Account,1848,7.612330097087378,1.0429126213592232,1.0054368932038835,0.5880582524271845,1.7349514563106796,16.435631067961165,9.897378640776699,1
P042,clinic,1,47,Female,FALSE,Impact,2131,10.52425,0.2875,0.6025833333333334,0.7835,1.1466666666666667,18.929916666666667,8.23675,2
P043,clinic,0,23,Female,TRUE,Account,2567,11.937027027027026,0.37885135135135134,1.178581081081081,0.39006756756756755,1.6448648648648647,16.367027027027028,7.899121621621622,1
P043,clinic,0,23,Female,TRUE,Impact,3377,9.675840707964602,0.5153982300884956,0.9533185840707964,0.47920353982300884,1.3060176991150443,17.00216814159292,5.9802654867256635,2
P044,clinic,1,52,Female,FALSE,Account,2608,10.199401993355481,1.955282392026578,1.0543853820598006,0.5909302325581395,1.0640863787375414,12.115714285714285,13.29139534883721,3
P044,clinic,1,52,Female,FALSE,Impact,3253,9.490291262135923,0.9363592233009709,0.6302912621359223,0.22611650485436893,1.543009708737864,14.841165048543688,11.44995145631068,2
P045,clinic,1,25,Female,FALSE,Account,1519,11.429554140127388,0.7798726114649681,3.3977707006369426,0.751656050955414,1.123312101910828,11.328980891719745,8.547643312101911,1
P045,clinic,1,25,Female,FALSE,Impact,1941,12.70628252788104,0.2831226765799257,1.7457620817843866,1.9118959107806692,1.1792936802973977,18.084944237918215,6.091003717472119,1
P046,clinic,1,40,Female,FALSE,Account,1192,11.7128,0.7599199999999999,3.27584,0.16,1.07792,10.46312,9.40912,1
P046,clinic,1,40,Female,FALSE,Impact,1533,12.042735849056603,0.12867924528301886,0.8097169811320755,0.9056603773584906,1.7780188679245283,13.706981132075471,6.796320754716981,1
P047,clinic,1,21,Female,FALSE,Account,1323,7.159609375,0.74078125,1.423984375,0.13609375,1.31484375,17.99640625,8.626015624999999,1
P047,clinic,1,21,Female,FALSE,Impact,2145,9.665217391304347,0.3237826086956522,0.8504347826086956,1.4447826086956521,2.9202173913043477,16.75821739130435,8.277260869565218,2
P048,clinic,1,46,Male,FALSE,Account,2706,6.471923076923077,1.4099358974358973,0.4131410256410256,0.486474358974359,0.6837179487179487,14.38653846153846,7.7874358974358975,1
P048,clinic,1,46,Male,FALSE,Impact,3585,8.98814606741573,0.761629213483146,1.0314606741573034,0.887247191011236,2.0212921348314605,13.493483146067415,7.960955056179775,2
P049,clinic,1,36,Female,FALSE,Account,1518,7.788505747126437,1.1654022988505748,0.6950574712643678,0.45229885057471264,1.2775862068965518,10.915977011494252,13.219195402298851,1
P049,clinic,1,36,Female,FALSE,Impact,1584,11.457014218009478,0.48208530805687205,0.8698104265402844,0.1847867298578199,0.8264928909952607,15.430947867298578,6.369336492890995,2
P050,clinic,1,43,Female,FALSE,Account,1401,8.193166666666666,0.7308888888888889,3.1818333333333335,0.5771111111111111,1.1854444444444445,12.009,9.110666666666667,1
P050,clinic,1,43,Female,FALSE,Impact,1609,7.36864406779661,0.5209604519774012,1.09,0.607909604519774,1.5198870056497176,14.475988700564972,5.8250847457627115,2
P051,clinic,1,32,Female,FALSE,Account,1844,9.7028,0.5256,0.9768,0.329,1.1638,11.0021,9.1878,1
P051,clinic,1,32,Female,FALSE,Impact,2041,9.142136752136752,0.23367521367521366,0.9722222222222222,0.2411965811965812,1.7828205128205128,17.096495726495725,8.854786324786325,2
P052,clinic,1,37,Female,FALSE,Account,1141,9.982621359223302,0.15106796116504853,0.9837864077669903,0.4084466019417476,1.2915533980582525,14.379223300970875,10.832621359223301,1
P052,clinic,1,37,Female,FALSE,Impact,1570,10.130176991150442,0,2.6788053097345133,0.9230973451327433,1.1934513274336283,18.082035398230087,6.9533185840707965,1
P053,prolific,0,26,Male,FALSE,Account,1724,6.681698113207547,0.5983018867924528,0.960440251572327,0.649182389937107,1.4028930817610064,10.530880503144655,8.59943396226415,4
P053,prolific,0,26,Male,FALSE,Impact,1511,7.216352941176471,0.1323529411764706,1.860941176470588,0.504235294117647,0.714,18.468470588235295,7.608117647058823,6
P054,prolific,0,30,Female,FALSE,Account,1487,8.272280701754386,1.4466666666666668,1.2533333333333334,0.1268421052631579,1.8989473684210525,15.17438596491228,7.7426315789473685,2
P054,prolific,0,30,Female,FALSE,Impact,1277,10.195102040816327,0.07285714285714286,0.6074489795918367,0.49551020408163265,0.6776530612244898,21.682959183673468,6.8487755102040815,2
P055,prolific,0,44,Male,FALSE,Account,1388,3.7426582278481013,0.8621518987341772,0.2541772151898734,0.09037974683544303,0.7482278481012657,13.67860759493671,9.166708860759494,4
P055,prolific,0,44,Male,FALSE,Impact,1037,4.305824175824176,1.028901098901099,0.3942857142857143,0,0.37747252747252746,15.928131868131867,10.649230769230769,4
P056,prolific,0,43,Male,FALSE,Account,1128,3.118030303030303,1.8683333333333334,0.8895454545454545,1.1345454545454545,0.6446969696969698,11.42560606060606,13.149090909090908,1
P056,prolific,0,43,Male,FALSE,Impact,1238,7.79735294117647,0.3283333333333333,0.44735294117647056,0.4258823529411765,1.0458823529411765,17.036862745098038,11.542843137254902,5
P057,prolific,0,70,Female,FALSE,Account,385,9.3112820512820509,1.9094871794871795,0.6838461538461539,0.2564102564102564,0.601025641025641,14.06102564102564,13.72974358974359,2
P057,prolific,0,70,Female,FALSE,Impact,236,4.786666666666666,0,0,0,6.945,19.35222222222222,13.104444444444445,4
P058,prolific,0,40,Male,FALSE,Account,2393,8.192314049586777,0.42921487603305786,1.5390495867768594,0.9493388429752065,2.76801652892562,10.676157024793389,9.804669421487603,2
P058,prolific,0,40,Male,FALSE,Impact,2084,7.774444444444445,0.33404761904761904,0.1841269841269841,0.6315079365079365,1.2253968253968255,16.395714285714284,7.01484126984127,3
P059,prolific,0,32,Female,TRUE,Account,1099,7.604433962264151,0.9781132075471698,0.8427358490566038,1.3387735849056603,0.419811320754717,12.603301886792453,7.260566037735849,1
P059,prolific,0,32,Female,TRUE,Impact,1117,8.376811594202898,0.618695652173913,0.6391304347826087,0.6833333333333333,0.5608695652173913,18.79840579710145,6.791014492753623,3
P060,prolific,0,55,Female,FALSE,Account,1151,1.9700980392156862,6.002156862745098,2.082254901960784,0.10352941176470588,0.7970588235294117,9.352843137254903,13.938921568627451,2
P060,prolific,0,55,Female,FALSE,Impact,636,5.748382352941176,1.2610294117647058,0.6941176470588235,0.24514705882352944,1.9697058823529412,13.75764705882353,12.995882352941177,4
P061,prolific,0,58,Female,FALSE,Account,993,11.698421052631579,0.4731578947368421,1.5398947368421052,0.6398947368421053,0.7862105263157895,13.975473684210526,11.502105263157894,1
P061,prolific,0,58,Female,FALSE,Impact,1405,11.05504132231405,0.10371900826446281,0.15619834710743802,0.544297520661157,1.7375206611570249,16.52074380165289,7.248512396694215,4
P062,prolific,0,59,Male,FALSE,Account,1300,10.234246575342466,0.47698630136986303,1.0950684931506849,0.14904109589041095,1.1453424657534246,12.70041095890411,13.287945205479453,2
P062,prolific,0,59,Male,FALSE,Impact,1804,5.29682119205298,0.5010596026490066,1.6660927152317881,0.35682119205298013,1.1897350993377482,13.117417218543046,10.375430463576159,2
P063,prolific,0,71,Female,FALSE,Account,1521,6.98448275862069,0.9580459770114942,1.4282758620689655,0.38413793103448274,3.3266666666666667,13.813103448275863,8.931034482758621,1
P063,prolific,0,71,Female,FALSE,Impact,952,7.525454545454545,0.09181818181818181,0.08414141414141414,0.7919191919191919,3.7323232323232323,20.746262626262627,7.02929292929293,4
P064,prolific,0,41,Female,FALSE,Account,1509,11.51530303030303,0.3776515151515152,1.5486363636363636,0,1.5618181818181818,15.592651515151514,11.063939393939394,1
P064,prolific,0,41,Female,FALSE,Impact,1318,9.38289156626506,0.11469879518072289,1.7193975903614458,0.13783132530120482,1.0710843373493977,21.80831325301205,8.488192771084337,1
P065,prolific,0,57,Male,FALSE,Account,781,9.955232558139535,3.30046511627907,0.625,0.30093023255813955,1.3634883720930233,14.92639534883721,9.956511627906977,2
P065,prolific,0,57,Male,FALSE,Impact,568,10.164594594594595,0.12283783783783783,0,0.2702702702702703,1.3471621621621621,20.67027027027027,7.732567567567568,4
P066,prolific,0,34,Male,FALSE,Account,1303,9.827671232876712,0.8930136986301369,1.03,0.17698630136986301,0.7583561643835616,12.265753424657534,12.197397260273972,4
P066,prolific,0,34,Male,FALSE,Impact,773,9.370140845070422,0,1.287887323943662,0,0.5764788732394366,24.470422535211267,7.547042253521127,5
P067,prolific,0,73,Female,FALSE,Account,1855,10.37029702970297,0.872970297029703,0.611980198019802,0.5751485148514851,0.640990099009901,11.081782178217821,10.605445544554456,4
P067,prolific,0,73,Female,FALSE,Impact,622,10.256231884057971,1.026376811594203,0.18115942028985507,0.16101449275362317,1.3266666666666667,13.783913043478261,10.96695652173913,6
P068,prolific,0,27,Male,TRUE,Account,555,6.8912162162162165,0,1.41,1.2098648648648649,1.8689189189189188,18.889324324324324,8.957567567567567,2
P068,prolific,0,27,Male,TRUE,Impact,601,7.026527777777778,0.8929166666666667,0.08166666666666667,0.43902777777777774,1.908611111111111,20.05361111111111,8.358333333333333,4
P069,prolific,0,63,Female,FALSE,Account,1831,11.018469387755102,0.27816326530612245,0.9124489795918367,0.27999999999999997,1.4025510204081633,13.573673469387755,10.517755102040816,2
P069,prolific,0,63,Female,FALSE,Impact,2107,10.397881355932203,0,0.4894067796610169,0.4361864406779661,1.5536440677966101,16.753389830508475,7.757881355932203,4
P070,prolific,0,70,Female,FALSE,Account,1243,10.231698113207548,1.3325471698113207,1.720377358490566,0.5094339622641509,1.5537735849056604,14.778773584905661,9.187075471698114,2
P070,prolific,0,70,Female,FALSE,Impact,649,11.434333333333333,0.5701666666666666,0.4075,1.4843333333333333,2.8028333333333335,21.32283333333333,8.731333333333334,4
P071,prolific,0,46,Male,FALSE,Account,836,7.911132075471698,1.1262264150943395,1.298867924528302,0.25150943396226416,3.321320754716981,19.310377358490566,7.6611320754716985,1
P071,prolific,0,46,Male,FALSE,Impact,601,5.3575,0,0.11583333333333333,0.245,0.9668749999999999,26.675416666666667,7.323125,2
P072,prolific,0,34,Male,FALSE,Account,1684,4.49024,2.87032,1.80936,0.18656,1.88344,16.23752,9.37632,2
P072,prolific,0,34,Male,FALSE,Impact,2085,7.303135135135135,1.539837837837838,0.11951351351351351,0.5145405405405405,0.5761081081081081,17.126594594594593,7.7035135135135135,5
P073,prolific,0,58,Female,FALSE,Account,576,8.131176470588235,0.9888235294117647,0.9356862745098039,0.13078431372549018,0.3211764705882353,10.044901960784314,5.992549019607843,2
P073,prolific,0,58,Female,FALSE,Impact,1305,9.552056074766355,1.1949532710280373,0.15186915887850466,0.1622429906542056,1.0294392523364486,15.406728971962616,7.903738317757009,1
P074,prolific,0,27,Female,FALSE,Account,1205,7.490166666666666,0.6358333333333334,2.26375,0.30024999999999996,0.33025,13.98375,7.54525,2
P074,prolific,0,27,Female,FALSE,Impact,1089,6.614324324324325,0.7563513513513513,0.18094594594594593,0.549054054054054,1.212027027027027,20.638918918918918,6.743648648648649,2
P075,prolific,0,46,Male,FALSE,Account,515,8.784893617021277,0.2580851063829787,1.0336170212765956,0.35468085106382985,1.351063829787234,18.69,13.388297872340425,2
P075,prolific,0,46,Male,FALSE,Impact,477,5.716086956521739,0.21739130434782608,0,0.7410869565217392,1.1034782608695652,24.766521739130436,9.04108695652174,2
P076,prolific,0,62,Female,FALSE,Account,1375,12.543414634146341,0.2913414634146341,0.818780487804878,0.4742682926829268,1.1110975609756097,13.262682926829267,12.86719512195122,1
P076,prolific,0,62,Female,FALSE,Impact,1454,11.421526717557251,0,1.1311450381679389,0.8316030534351145,0.8872519083969466,16.806488549618322,13.769389312977099,4
P077,prolific,0,68,Male,FALSE,Account,1690,4.881978021978022,2.9435164835164835,0.1189010989010989,0.18208791208791208,1.971098901098901,16.925824175824175,10.202307692307691,2
P077,prolific,0,68,Male,FALSE,Impact,1361,7.090779220779221,1.1724675324675324,0.2588311688311688,0.4338961038961039,1.702077922077922,21.643636363636364,6.41012987012987,4
P078,prolific,0,52,Male,FALSE,Account,1150,7.583582089552238,0.44208955223880597,1.0146268656716417,0.48582089552238805,0.9480597014925373,13.85641791044776,10.481044776119402,1
P078,prolific,0,52,Male,FALSE,Impact,1064,9.017156862745098,0.6701960784313725,0.32725490196078433,0.592156862745098,0.38088235294117645,17.983529411764707,11.359607843137255,4
P079,prolific,0,66,Male,FALSE,Account,1192,3.5793150684931505,3.8623287671232878,0.8946575342465753,0.09136986301369864,3.0253424657534245,7.434794520547945,16.355205479452053,2
P079,prolific,0,66,Male,FALSE,Impact,950,4.018775510204081,2.816734693877551,0.39969387755102037,0.0536734693877551,5.645816326530612,14.466224489795918,10.111122448979591,4
P080,prolific,0,42,Male,TRUE,Account,1208,10.633857142857142,0.5595714285714286,1.945142857142857,0.3637142857142857,1.5957142857142856,12.738857142857142,9.678857142857142,2
P080,prolific,0,42,Male,TRUE,Impact,1181,10.591584158415841,0,0,0.4667326732673267,1.232970297029703,16.908514851485148,8.017722772277228,4
P081,prolific,0,71,Male,FALSE,Account,784,5.766309523809523,4.1588095238095235,0.7627380952380953,0.31535714285714284,2.548928571428571,13.216547619047619,11.340595238095238,4
P081,prolific,0,71,Male,FALSE,Impact,320,2.7916666666666665,5.601904761904762,0.47619047619047616,0,2.6076190476190475,11.481666666666667,12.88595238095238,5
P082,prolific,0,58,Male,FALSE,Account,1151,10.0325,0.27197916666666666,0.7820833333333334,0.2315625,1.8173958333333333,14.101041666666667,15.341354166666667,2
P082,prolific,0,58,Male,FALSE,Impact,2025,8.202102564102564,0.5832307692307692,0.6167179487179487,0.1956923076923077,3.6314358974358973,16.716358974358975,9.301641025641025,3
P083,prolific,0,39,Male,FALSE,Account,1084,2.301111111111111,2.507936507936508,1.034920634920635,0.7625396825396825,1.6417460317460317,16.15015873015873,7.502857142857143,2
P083,prolific,0,39,Male,FALSE,Impact,1005,6.8672941176470585,2.1578823529411766,0.31070588235294117,0.13070588235294117,0.5927058823529412,21.61729411764706,8.347529411764706,2
P084,prolific,0,31,Male,FALSE,Account,1438,8.897593582887701,0.6443850267379679,0.8118181818181818,0.6160427807486631,1.2139572192513368,15.339197860962567,9.057379679144384,4
P084,prolific,0,31,Male,FALSE,Impact,1165,9.3615,0.5778,0.3568,0.2723,1.3526,20.7014,7.2200999999999995,4
P085,prolific,0,59,Male,FALSE,Account,1391,4.467297297297297,1.1879729729729729,0.5072972972972972,0.13945945945945945,1.8508108108108108,16.905945945945945,9.067297297297298,1
P085,prolific,0,59,Male,FALSE,Impact,1812,7.333832335329341,0.7483832335329341,0.3931736526946108,0.8051497005988024,2.543952095808383,15.786167664670659,8.19059880239521,2
P086,prolific,0,61,Male,FALSE,Account,705,6.743043478260869,0.3515942028985507,0.7868115942028985,0,1.3788405797101448,16.687391304347827,7.398260869565218,1
P086,prolific,0,61,Male,FALSE,Impact,1525,7.2989922480620155,0.882015503875969,0,0.16,1.4452713178294574,20.436821705426357,7.402713178294573,2
P087,prolific,0,49,Male,FALSE,Account,1678,5.83,2.1037820512820513,0.8588461538461538,0.8366666666666667,1.4969230769230768,12.219871794871795,8.482051282051282,2
P087,prolific,0,49,Male,FALSE,Impact,1639,7.256134969325153,0.7466257668711657,0.9311042944785276,0.7342944785276073,2.295398773006135,16.996196319018406,7.2229447852760735,5
P088,prolific,0,30,Female,FALSE,Account,1032,9.723068181818181,1.02125,1.2543181818181819,0.06318181818181817,1.9488636363636365,15.65090909090909,10.636931818181818,1
P088,prolific,0,30,Female,FALSE,Impact,1690,8.541901408450704,0.21288732394366197,0.9108450704225352,0.42985915492957744,1.2145070422535211,18.676338028169013,8.774718309859155,2
P089,prolific,0,64,Female,FALSE,Account,1201,10.884583333333333,0.2985,1.8765833333333333,0.17991666666666667,0.8276666666666667,14.69675,10.210833333333333,1
P089,prolific,0,64,Female,FALSE,Impact,1350,8.407175572519083,0,0.5381679389312977,1.4078625954198474,1.9349618320610686,18.428854961832062,7.622442748091603,4
P090,prolific,0,42,Male,FALSE,Account,698,6.946825396825397,0.7961904761904761,0.6079365079365079,0.41079365079365077,1.447142857142857,13.707619047619048,7.27968253968254,2
P090,prolific,0,42,Male,FALSE,Impact,771,7.11051282051282,1.1892307692307693,0.30525641025641026,0.5237179487179487,1.1151282051282052,19.973076923076924,8.072564102564103,2
P091,prolific,0,40,Male,FALSE,Account,1476,2.9491129032258065,0.6278225806451613,1.4624193548387097,0.19306451612903225,0.8859677419354839,14.128064516129033,8.491048387096773,2
P091,prolific,0,40,Male,FALSE,Impact,1951,5.679591836734694,1.37,0.9897959183673469,0.1391326530612245,0.6094387755102041,19.481224489795917,7.722448979591837,2
P092,prolific,0,62,Male,FALSE,Account,1101,3.1521917808219175,2.7952054794520547,0.89,0.7980821917808218,0.5945205479452055,14.281917808219179,10.274520547945205,4
P092,prolific,0,62,Male,FALSE,Impact,1983,6.252761904761905,1.7551428571428571,0.26504761904761903,0.7712380952380952,0.7738095238095238,16.07704761904762,6.935238095238095,4
