participant,source,ptsd,demo_age,demo_sex,demo_nonwhite,task,AU04,AU12,AU15,AU17,AU20,PoseX,PoseY,DiffX,DiffY
P001,patient,1,35,Female,FALSE,Account,0.8832870457540951,0.023086989267558707,0.6113086047825261,0.09511673884391028,0.3187695349275185,-0.06981985656025873,0.15249767965124444,0.02802204404008603,0.02447614569804156
P001,patient,1,35,Female,FALSE,Impact,0.5409938998737831,0.08134255363903688,0.47101440891880725,0.07734013462347446,0.3949737063525438,-0.04630747625370228,0.2246421203145746,0.051402040391374325,0.059724441707186535
P002,patient,1,21,Female,FALSE,Account,0.917895775549392,0.052463196074248646,0.41050992105824596,0.12139108171538276,1.1174445274162577,0.01441051287507974,0.0712840497978294,0.03325653670042536,0.03214929095255967
P002,patient,1,21,Female,FALSE,Impact,0.8704076421503807,0.06040217044366307,0.4019032419862294,0.08791436778988448,1.0936468925265603,-0.017650437238112573,0.06698433230096569,0.010952806570026645,0.025564531125195848
P003,patient,1,34,Male,FALSE,Account,0.3411422648354522,0.03947551179062376,0.412932365897903,0.08249805649131958,0.48958072039388856,0.10586021450459655,-0.07309693564862113,0.02610866510146904,0.06978896815838936
P003,patient,1,34,Male,FALSE,Impact,0.617092798319785,0.07828497208865287,0.28400431105952606,0.1179030564306626,0.677077322721494,0.10803362597316553,-0.010783391309149142,0.00918240520960938,0.025436521394475258
P004,patient,1,39,Female,TRUE,Account,1.3538571875418883,0.19376156217883492,0.8288149604539975,0.3941244023414771,0.9584771437508387,0.14937362330183934,-0.03767772684072231,0.0646853085101925,0.06187708845299501
P004,patient,1,39,Female,TRUE,Impact,0.7704392467424845,0.16940881256043164,0.8325908190984856,0.32829642248721785,0.99902850039136315,0.09351466217115478,-0.012266137260990977,0.045228064486708484,0.045968032659875036
P005,patient,1,59,Female,FALSE,Account,0.051253729171216615,0.34013024812631254,0.752654442261515,0.6972036673215463,0.6500007276431654,-0.0875484498918529,0.07635364095169431,0.024797089881567744,0.03205866306133589
P005,patient,1,59,Female,FALSE,Impact,0.040053369825521185,0.47096818337324586,0.661626411221348,0.7346801231611345,0.6927718097844688,-0.09663374598180692,0.08203877983722033,0.01918466135197949,0.009965858269780454
P006,patient,1,36,Female,TRUE,Account,0.5565965047793794,0.15439863538347945,0.9762154420520739,0.6278584532200419,0.9440716423674822,-0.12763372297838277,0.015604195356285053,0.052233035535770495,0.037269796449527236
P006,patient,1,36,Female,TRUE,Impact,0.7702048049071403,0.13253228829442604,0.9015491565854487,0.5197232918725512,0.8534022831828236,-0.09903107854830472,0.06061032543874596,0.015089475504217052,0.011693128160727845
P007,patient,1,31,Female,FALSE,Account,0.797729404192718,0.06599623023170596,1.2377358403824934,0.4183665869805079,1.5436231151158513,-0.10207433457454125,0.04030947455523382,0.007962995397270285,0.006386243951323111
P007,patient,1,31,Female,FALSE,Impact,0.4837114995837763,0.05184029016529719,1.2697847544297778,0.6822868355333579,1.2164460696872381,-0.1050401875816217,0.11129680636352843,0.01102942985582223,0.011745695105755193
P008,patient,1,21,Female,FALSE,Account,0.4558991796200358,0.2743269645941273,0.6889820811744376,0.05094667530224701,0.6331196027633863,-0.03879711622487622,0.15544327119137782,0.31997962574644784,0.42745236661588615
P008,patient,1,21,Female,FALSE,Impact,0.5823110750576368,0.24490393646998473,0.6559708820766803,0.03998164119204121,0.6522696610024747,-0.04740506108202444,0.13168519488074454,0.2365265583242049,0.3806311910244266
P009,patient,1,47,Female,FALSE,Account,1.338801820842139,0.007844794884301431,1.5435880344659398,0.9654468108166694,0.26234162466807553,-0.11136172980003252,0.17244415542188268,0.006239537090891143,0.0065470789180024505
P009,patient,1,47,Female,FALSE,Impact,1.1259159001314059,0.02649303547963211,1.5229272010512487,0.8072268068331145,0.3129760840998673,-0.11050833114323258,0.18165077529566379,0.006532464859488657,0.007208579949953351
P010,patient,1,44,Female,TRUE,Account,0.6896141168636677,0.015191609788579983,1.5864211752954898,0.4866159480605949,1.122235724987515,-0.1746768970997218,0.12198076413720037,0.02160565644206064,0.030686535223590806
P010,patient,1,44,Female,TRUE,Impact,0.7288397289560472,0.049303547487041965,1.2968547305866573,0.38817009095191535,0.9990107620393527,-0.11744478406271348,0.14183681541946858,0.036471119381048814,0.029055583166038283
P011,patient,1,42,Female,FALSE,Account,0.05316950441753057,0.39020127552512984,0.7626832835995542,0.07271604938271663,0.22831782809665752,0.0470463002114166,0.16840652370884926,0.053802632908269615,0.03229366716118802
P011,patient,1,42,Female,FALSE,Impact,0.020774111675127993,0.4457831006768178,0.6550206218274109,0.10573815566836135,0.2608862098138723,0.018786377858002454,0.12377732851985557,0.04117420670721695,0.02793638505076177
P012,patient,1,30,Female,TRUE,Account,0.14700269219264167,0.39770949959403407,0.53597624033161,0.4615251484979263,0.9094299388915001,-0.05732305030384874,0.09888276502363268,0.049791644800712145,0.04903857816181633
P012,patient,1,30,Female,TRUE,Impact,0.10237131806010075,0.3145727131475453,0.72810803662931,0.6464378987735094,0.8878696816423732,-0.01260863280993363,0.06449382432166084,0.026604888855892978,0.025019052560635264
P013,patient,1,47,Female,FALSE,Account,0.9490740640991114,0.09554268785348818,0.8960791812550497,0.26463075680043,0.10155453810934534,-0.37047534908700325,-0.050028517722878606,0.02147670815009081,0.02104632115447192
P013,patient,1,47,Female,FALSE,Impact,0.72188904109589,0.1143191780821918,0.9613657534246586,0.23476666666666735,0.125905936073061,-0.3982516160670501,-0.10288359859123537,0.03315583048216472,0.01649476605405131
P014,patient,1,22,Male,FALSE,Account,1.6121157184185149,0.4893082610093423,0.556138219222115,0.8720488588878119,0.3535461266473804,0.275369265583213,0.08016076938901448,0.13354539364871099,0.10555417103159606
P014,patient,1,22,Male,FALSE,Impact,1.4176556739727857,0.41806890542261593,0.6443146323480127,1.0317551444466802,0.1175886453515587,0.12929156526194432,0.03625957474061727,0.07456930056874818,0.05711121554066415
P015,patient,0,21,Female,FALSE,Account,0.20054577201297105,0.2021840858069276,0.25017111499126393,0.031228236467946723,0.5792437016712413,0.28005569288934146,0.3113419005380251,0.2942571078175422,0.46100169686331277
P015,patient,0,21,Female,FALSE,Impact,0.05485803285919032,0.27990903076413304,0.17676563016871227,0.02002480979159515,0.739256808909473,0.17727600641700506,0.13858785782323157,0.05055416982735012,0.09199264593146565
P016,patient,1,25,Female,TRUE,Account,0.050462595823416674,0.04744224160719034,1.5534803066349456,0.005364525508855063,1.1349632566745949,-0.0064277630690961745,-0.06794258422883226,0.11216332911191024,0.05805881035169251
P016,patient,1,25,Female,TRUE,Impact,0.0418388110318702,0.05846641065283294,1.4509336192708588,0.010595980250361065,0.969474340431904,0.023214953633647638,-0.057031350638264734,0.036436699238179736,0.019153299114967902
P017,patient,1,25,Female,FALSE,Account,1.439471820141666,0.40327841084077626,1.0783908222975078,0.7230258700338795,0.24139513396981505,-0.32228353830531414,0.2700579939072548,0.2388343306739291,0.25760142538024305
P017,patient,1,25,Female,FALSE,Impact,1.8788958895889596,0.4600030003000281,1.1917956795679567,0.993507350735076,0.1205295529552965,-0.10881050537206528,0.3295799442896935,0.23561353404332938,0.36001190562311275
P018,patient,1,44,Male,TRUE,Account,0.054558372952985844,0.2967828843106206,0.20774960380348556,0.14279186476492087,0.4877918647649198,-0.1171458612975392,0.12310116828237623,0.06533562740200959,0.03512308645531815
P018,patient,1,44,Male,TRUE,Impact,0.01475465549348474,0.3553491620111726,0.13154795158286747,0.11134683426443172,0.42837569832402345,-0.13546690684033078,0.12609934875987266,0.06328032468245373,0.04226597406319173
P019,patient,1,26,Female,FALSE,Account,0.7487517745986794,0.11095664518947493,0.2129960685814166,0.045194932838266234,0.24666430053511132,-0.07029586605584646,-0.021259434991274036,0.04138949197996211,0.030879421893587344
P019,patient,1,26,Female,FALSE,Impact,0.6914792440094526,0.30249679379007133,0.15580357745527973,0.1123904826189613,0.294272696591293,-0.02784989436047453,-0.07150014627011217,0.031144372127651268,0.036086551174359945
P020,patient,1,35,Female,FALSE,Account,0.03294765334679221,0.26249575629673694,1.099879799972473,0.1114134972702614,2.18548928751663,-0.005421950213175754,-0.19940044927336914,0.011678652816026605,0.012627659147142128
P020,patient,1,35,Female,FALSE,Impact,0.03181638732369274,0.2844589599109942,1.0359882281161397,0.1285091339769581,2.178042565409324,0.02944433733219079,-0.17985379177377891,0.029981600741906665,0.04033597785309744
P021,patient,1,19,Female,TRUE,Account,0.300364618501011,0.13326950901900256,0.3375735506896887,0.24108276261213438,0.06817642519533189,-0.1354353981489966,0.13083602125904886,0.10702377228939401,0.10086319406763777
P021,patient,1,19,Female,TRUE,Impact,0.16860438702349861,0.21162738695251257,0.2855434088166406,0.14335806062326678,0.07285546958188403,-0.12420133006650332,0.1591393069653483,0.057600755524542954,0.09334150804521851
P022,patient,1,32,Female,FALSE,Account,0.03758866177498783,0.1434071453529095,0.33654874213836566,0.09866177498253902,0.6578673130677843,-0.11082887781876262,0.15656812564170816,0.04764140162471936,0.05288152222142625
P022,patient,1,32,Female,FALSE,Impact,0.006943671379272028,0.1847311588556121,0.29322275409106124,0.11588277858176606,0.4913675832127364,-0.10059172969690264,0.15722409319273442,0.023905254358698304,0.025540187578346158
P023,patient,1,42,Female,TRUE,Account,0.6311725971888057,0.3074483981258709,1.9920818032164114,0.18508864125617266,1.6473261998227173,-0.12833669291338595,0.1694662047244094,0.016262971775676163,0.012821243160274155
P023,patient,1,42,Female,TRUE,Impact,0.6349267655564887,0.5032363093572162,1.842144789625898,0.23735329788226467,1.7355798115495848,-0.13176146278076845,0.08491386671616845,0.016945027175429724,0.018183142171821952
P024,patient,1,47,Female,FALSE,Account,1.1988665599620607,0.04710860157685844,1.104102495702176,0.08237358468195843,0.8767825597249402,-0.017505107432194446,0.049769901373723065,0.034723678914529446,0.028617147237907002
P024,patient,1,47,Female,FALSE,Impact,1.2010993904645273,0.0845230871997399,1.1244818948481732,0.09771855604109064,0.8558139664337984,-0.012703407196917937,0.048815186207273396,0.03209821403143587,0.031906659920224914
P025,patient,1,22,Female,FALSE,Account,0.03555573265327742,0.26996546594411325,0.5238428434810327,0.10307406226755692,0.9524832642652281,-0.23593215098698733,0.06569714266299723,0.018326418198013356,0.020359750357727358
P025,patient,1,22,Female,FALSE,Impact,0.030573867057621815,0.18007408958819113,0.40588684975259826,0.05348351964814745,0.7575783438489923,-0.3110449706600198,0.03359765280157865,0.05867535592638413,0.043758037790378075
P026,patient,0,44,Female,TRUE,Account,0.23871640937678915,0.6203587764436801,0.6507256527539547,0.08634648370497557,0.30137030684200444,-0.4720243867857651,-0.06418876128361439,0.033244847263190665,0.029640065157149946
P026,patient,0,44,Female,TRUE,Impact,0.2678562626529424,0.6215438781797374,0.7186563682774405,0.09245709004489132,0.24098098758911918,-0.46380453097036095,8.86682090008277e-4,0.037473814267012434,0.05157921862154712
P027,patient,1,29,Female,FALSE,Account,0.0011126165185344633,1.0134402774767338e-4,0.09422555820507342,0.023586061131586105,1.354866681118169e-5,0.18087703966005678,0.19930998583569412,0.382921378419562,0.40054121237177875
P027,patient,1,29,Female,FALSE,Impact,1.1857571478997535,0.8739314429148538,0.15814017335370617,0.1775640271404417,0.9164050672628143,-0.05411145854692079,0.29925917572278055,0.2847934598356119,0.33595080005523764
P028,patient,1,43,Male,FALSE,Account,0.11121247381893984,0.4623105267240783,0.6053483050190056,0.5103979520595765,0.607140640757116,0.15525843217555926,0.175093922651934,0.015260007313156364,0.015478878025906482
P028,patient,1,43,Male,FALSE,Impact,0.15093653328011483,0.3795786348667805,0.8787892924857796,0.5110617702824096,1.3500164654226117,0.22515491202711457,0.10438167273089771,0.027908105545525308,0.023052214873888095
P029,patient,1,52,Female,FALSE,Account,0.3138594371444415,0.012645622514222311,0.8771655842521269,0.0051991139304233165,0.041290338820923214,-0.11346120928359256,0.006592256960177206,0.01566545738978261,0.01802099660391536
P029,patient,1,52,Female,FALSE,Impact,0.32747066492829224,0.02329775097783825,0.8840995762711867,0.012001303780964772,0.0399054758800522,-0.12359586083272225,0.02628411961215679,0.017456095979107487,0.024939019499801388
P030,patient,1,43,Female,FALSE,Account,0.8462090239103601,0.676482475739478,0.29325007503251055,1.03913729282689,0.056763931036794044,0.1811259623042208,0.1377659941598093,0.05821754713222915,0.040796814292451376
P030,patient,1,43,Female,FALSE,Impact,0.8474338668913232,0.8776411120471783,0.2716048862679026,1.0932093513058132,0.09675231676495241,0.18534054507337525,0.14361283018867918,0.045164597571895095,0.037136322105943205
P031,patient,1,39,Female,FALSE,Account,0.10345817169004227,0.2599686660698303,0.880212374415598,0.07794041579627706,0.5384472296826821,0.01526906569825021,-0.08450524100363156,0.04577256569400197,0.02917245955549313
P031,patient,1,39,Female,FALSE,Impact,0.04519943538839789,0.5997595847372735,0.715584190875148,0.1022406884618936,0.7269146707950123,0.03126215108334936,-0.10067373717656733,0.03328618826542491,0.0397307051702787
P032,patient,1,34,Female,FALSE,Account,0.5764792443130703,0.41061174656213134,0.6731911065415747,0.32410744120292384,1.1246652101272328,0.08936999399708431,-0.11036128976931665,0.1688605112542666,0.27005186084685384
P032,patient,1,34,Female,FALSE,Impact,0.7205095327282288,0.41642318590017396,0.6969418431542048,0.516867886471691,0.9371622724871563,0.040470574800152495,0.0027219895952290173,0.32261840762797617,0.09608462336515529
P033,patient,1,27,Female,TRUE,Account,0.05727733704097053,0.08993784247975578,0.09222335814180865,0.019679398053488586,0.07787069600065451,-0.11764113740986666,0.10309846417077433,0.038423163922148666,0.030555612936942436
P033,patient,1,27,Female,TRUE,Impact,0.03552457168620015,0.1500822813345222,0.08662646528404376,0.016786519386830533,0.026153291253381533,-0.03672395856789005,0.036111326277865334,0.018031920301077472,0.024751432891058255
P034,patient,1,52,Female,FALSE,Account,0.5662010770266376,0.04882055966920152,0.48054812962784793,0.25184104240792055,0.3064886046735298,0.039642545646235663,0.19344889059280207,0.04290076407623251,0.028288594177317855
P034,patient,1,52,Female,FALSE,Impact,0.6464463765434952,0.02242288304120664,0.36178143643342897,0.12959811312028743,0.20123155898811276,0.04701238291066938,0.24373228238519545,0.026372836468257638,0.14320807240328134
P035,patient,0,26,Female,FALSE,Account,0.8442368517837441,0.24246267009930053,0.022115483633689204,0.002564913571165709,0.06660169179845243,-0.26667738139021696,0.0224520779698419,0.009043919613604654,0.005105341688473829
P035,patient,0,26,Female,FALSE,Impact,0.8902110743019402,0.23189209654519313,0.04741221012778166,0.0046086133459539895,0.059780407004260884,-0.34291916706105063,0.02148963558920962,0.008324877067565578,0.005902495637608565
P036,patient,1,44,Female,FALSE,Account,0.11961642243347793,0.07591016646603323,0.24989331230021908,0.01947776993648479,0.8016181659678695,-0.040616042912128426,0.08950646957661132,0.07499779285069752,0.08358433770364297
P036,patient,1,44,Female,FALSE,Impact,0.30048664888243165,0.10325710289813886,0.307555100877989,0.05272927404107769,0.7811071974307847,-0.04077965251057529,0.11057861530005032,0.15648706952994776,0.20497228218897012
P037,patient,1,23,Male,FALSE,Account,0.3685262055505288,0.002485838053982129,0.9021578521445226,1.3757199980958712,0.18884467082401418,-0.0316431931575196,0.15198389166072696,0.011292740728325742,0.008545505281773261
P037,patient,1,23,Male,FALSE,Impact,0.1812455059065226,0.004745762711864351,0.892552645095018,1.268230611196713,0.16862865947611727,-0.03530925411412698,0.1738064604769027,0.020173836909527135,0.020714155537190936
P038,patient,1,65,Female,FALSE,Account,1.0325562956770313,0.3984641730266196,0.68439847900542,0.2343434643078671,1.42109031579515,-0.1460327341024953,-0.20756705124765223,0.018400135150876667,0.018768789542547164
P038,patient,1,65,Female,FALSE,Impact,0.9935395173488031,0.30409485969704153,0.7327931914125113,0.20671174120143293,1.3288581619522761,-0.17327252903742604,-0.21971808108228383,0.018748079569067388,0.02446564643807592
P039,patient,1,36,Female,FALSE,Account,0.25825638095237946,0.20006133333333356,0.9573527619047613,0.0516403809523764,0.48246895238095466,0.06640089606284712,0.17261831405161554,0.03541363934408209,0.04649590956825793
P039,patient,1,36,Female,FALSE,Impact,0.13099015563089575,0.22440423185327518,1.007183938564601,0.020276949471017144,0.46692618765573235,0.06768891430438688,0.1398391471285024,0.012697088055778624,0.009928104362844537
P040,patient,1,23,Female,FALSE,Account,0.10373569013583053,0.3127599501749934,0.3822599205172312,0.17526306423868587,0.9853834747019432,0.06875534069049315,0.08391682697175246,0.10528977355242868,0.12551913401791384
P040,patient,1,23,Female,FALSE,Impact,0.04160005493751045,0.06627569473058201,0.4098997390468309,0.1294240717850052,0.6262441056631411,0.0625670202086334,0.10640155383876741,0.11634042561021367,0.12667981528315586
P041,patient,1,25,Female,FALSE,Account,0.20954917287765623,0.27999818214870437,0.3462188692964943,0.45714233775677277,0.8887711325213602,0.04678043262333079,-0.023091049553029094,0.18760193086836066,0.33373223277002817
P041,patient,1,25,Female,FALSE,Impact,0.10720913770913318,0.3663288288288262,0.4668963963963952,0.43168211068210965,0.9467773487773484,-0.025673770309370115,-0.08181921878477644,0.2734134816462303,0.38424370199806734
P042,patient,1,47,Female,FALSE,Account,1.5023113864476778,0.1660812563031319,1.3557892714786544,0.8608039187436969,0.37922249435720135,-0.11953905912818301,0.025162566537188884,0.025050378934253336,0.04390366275930777
P042,patient,1,47,Female,FALSE,Impact,1.6574579854138032,0.19508332452524743,1.406370714864532,1.2367811718282062,0.3626639185427876,-0.11982871466369581,0.07143026737223218,0.06654051744874968,0.05389073703144127
P043,patient,0,23,Female,TRUE,Account,0.010842764819732429,0.029096873667286013,0.582170390053473,0.02430535052324444,0.21263523931373632,0.06776530712530707,0.04323462735462738,0.023582489883768713,0.02500858193678338
P043,patient,0,23,Female,TRUE,Impact,0.004318538387569644,0.03603927324257212,0.3176193127182533,0.02597854142415975,0.08636975555442865,0.11542532018587794,-0.004449960330953272,0.148053293333699,0.13175256267080132
P044,patient,1,52,Female,FALSE,Account,1.8102140594502893,0.08193261446901072,0.6364205036316539,0.17543403833231708,1.4956244200556728,-0.024581757255636914,-0.027159595615380165,0.10459889444687037,0.19883089045726407
P044,patient,1,52,Female,FALSE,Impact,1.643161466383307,0.20194455177744952,0.40139248454404863,0.18960007727974978,0.9889448898763523,-0.029620893704042087,-0.03763705782534937,0.07074285557821008,0.1907388342849581
P045,patient,1,25,Female,FALSE,Account,0.3562776231789327,0.028041141485241235,0.4018884705625606,0.10063294592677788,0.011541441588912611,-0.13639157125456763,-0.09189208282582216,0.023825470411788473,0.019371952894723175
P045,patient,1,25,Female,FALSE,Impact,0.5198520249221199,0.026608870306608832,0.4773348089850794,0.16705443515330057,0.02412321692080639,-0.09776044444444446,-0.057413185185185206,0.03735578613258733,0.037960516037149984
P046,patient,1,40,Female,FALSE,Account,0.3730397388736337,0.3346412102999843,1.0481690067872134,0.049943008134295745,1.2289093829335267,-0.19441711175020554,0.022956809778142868,0.04730883022530993,0.02462058031797624
P046,patient,1,40,Female,FALSE,Impact,0.37495688385984083,0.28949522567618585,0.9676978084381442,0.015724140832035317,1.129296681108821,-0.16210015958340335,0.008027549134890063,0.023706410744302624,0.023173044785260992
P047,patient,1,21,Female,FALSE,Account,0.6318362462177666,0.9615277965948602,0.12228785620737993,0.012641918439235714,0.5078665944090709,0.1346427505704757,0.03188616815868,0.24178458652620832,0.14750368079945897
P047,patient,1,21,Female,FALSE,Impact,0.5092180570468223,1.4781758554689317,0.11557000140049414,0.02896970262826323,0.5390077494047814,0.17465210482682386,0.04357435980103171,0.05396389317261049,0.05663799431574501
P048,patient,1,46,Male,FALSE,Account,0.09530081225126938,0.522087415923848,0.5171945911978939,0.6448104359159319,0.030071450182704636,-0.2985604291428704,-0.23564824620222435,0.0293650913893491,0.020855658589230542
P048,patient,1,46,Male,FALSE,Impact,0.44163742984001375,0.9740251319427025,0.6422385859093575,0.8333386948144432,0.10585004607523292,-0.27850510783200905,-0.11169331308005606,0.019790522067825944,0.013493157570297265
P049,patient,1,36,Female,FALSE,Account,0.37610170323467046,1.0472915132773777,1.1074451479899865,0.06385706572424983,0.46554901094586226,-0.3713737790212536,-0.048342217640995395,0.01082653554841763,0.009312236565548608
P049,patient,1,36,Female,FALSE,Impact,0.2507123999669987,1.0187571157495259,1.2701501526276708,0.052383879217886786,0.33050202128537,-0.34773936894205,-0.1034143534749433,0.011840786100424014,0.010660608464940805
P050,patient,1,43,Female,FALSE,Account,1.534843319648704,0.36935405082368056,1.2470539936600324,1.7235103674063312,0.7536704256093131,-0.023920918617177538,0.052465478405640954,0.029408271499595115,0.032656539715810305
P050,patient,1,43,Female,FALSE,Impact,1.4207217587074588,0.3352955458438197,1.2809031916302474,1.9086637531452761,0.5489387719065916,-0.004059125400236809,0.06601929909206565,0.03642783178667057,0.042258355105125614
P051,patient,1,32,Female,FALSE,Account,0.3003277196176587,0.3975775046780931,0.7382648055429119,0.05662772467505977,0.4776948363930564,0.23475705718882553,0.10121866315635505,0.10776889244327215,0.08504985058393173
P051,patient,1,32,Female,FALSE,Impact,0.259493625518404,0.4817285341252374,0.6364999231990165,0.06556243919922101,0.3621130510470518,0.3164163608892726,0.16470412259874812,0.12588875926743556,0.10601945627065804
P052,patient,1,37,Female,FALSE,Account,0.06981804523828937,0.054334780068450446,0.019479175360990097,0.0627013604874386,0.31844712461397384,0.106091162984577,0.105611421425594,0.010797579715312772,0.007688381991122687
P052,patient,1,37,Female,FALSE,Impact,0.3168080849686652,0.059552502280144214,0.017311483126895063,0.16983612345170201,0.20144811556680486,0.23311903364058015,0.19984603416896607,0.020734226443036345,0.0229368874802169
P053,control,0,26,Male,FALSE,Account,0.2687125220458638,0.21288470017636663,0.3286893738977084,0.029579475308641117,0.04385857583774511,-0.1531608810282325,0.08216483576842784,0.04423804114715179,0.03795503707454171
P053,control,0,26,Male,FALSE,Impact,0.25149846508058915,0.302346508058327,0.18921271424917266,0.029529930928628066,0.035325530826297864,-0.0918808426966292,0.11142252808988755,0.1938032048995545,0.39413646331744784
P054,control,0,30,Female,FALSE,Account,0.9555235195023974,0.05471297136192842,0.13653233121679298,0.005028508487754241,0.1333141117014399,0.0016937665868341535,0.073531490711373,0.016220130497335478,0.018649798718270542
P054,control,0,30,Female,FALSE,Impact,1.1665668449197861,0.05130593864340218,0.09465128060793787,0.004573036870251635,0.2520365887981982,7.893611032930027e-4,0.022396509991556412,0.012675693886016913,0.013469122034025954
P055,control,0,44,Male,FALSE,Account,0.05625431625102726,0.7888418744861607,0.1848846259249116,0.043807070430255106,1.5144878048780486,0.260038202247191,-0.11584982186900536,0.010941902244647295,0.00809756744664403
P055,control,0,44,Male,FALSE,Impact,0.033807068293294905,0.9874273676267137,0.0975795497421719,0.038447365111305185,1.3678675638284488,0.2881711734373034,-0.1739586215570369,0.01023609417936364,0.008527570088062434
P056,control,0,43,Male,FALSE,Account,0.9089185607315621,0.5253117752302712,0.046632429925119165,0.9821549267775467,0.03659200848187714,0.08254058172662823,0.07133651361558344,0.01803600773103919,0.007832200247753631
P056,control,0,43,Male,FALSE,Impact,0.8851443541488454,0.27530742087254234,0.05687820786997592,1.1851331266039349,0.02354469632164279,0.07083245178180263,0.07480718063792274,0.016617902409368175,0.00793838139193023
P057,control,0,70,Female,FALSE,Account,1.7698447956713657,0.04730314680336159,0.16926669514452408,0.281046561298592,0.8334230385874986,0.13740011391143364,-0.04470269115762495,0.004302337862077389,0.003186905349673185
P057,control,0,70,Female,FALSE,Impact,1.6347094882729212,0.18275319829424297,0.13977611940298473,0.2671082089552244,0.8776759061833689,0.1376337953091685,-0.019253198294243087,0.004609519203639676,0.0040215694110457955
P058,control,0,40,Male,FALSE,Account,0.3639033042773182,0.1647972836002414,0.7721310561524433,1.7879799310764244,1.0852802554226646,0.004301533003927594,-0.06949651590016467,0.05783327270154141,0.07173313004540052
P058,control,0,40,Male,FALSE,Impact,0.42454614969413274,0.16085867218423655,0.8541152392947103,1.7544467434328892,1.127679920834833,-0.021203979432148436,-0.07157124972054547,0.06387958630994355,0.04844906439197621
P059,control,0,32,Female,TRUE,Account,0.017897857038731552,0.8553885028427028,0.4652407794353433,0.1432698381845575,0.4906501773652731,-0.12241638481773759,-0.10138242202179636,0.06957300797520904,0.07785956855794147
P059,control,0,32,Female,TRUE,Impact,0.02336579148610549,0.4597466224827935,0.6713642620443537,0.20397858781544612,0.29811266887585874,-0.1688621790077288,-0.12502398404387932,0.08137666535013928,0.10052114304693045
P060,control,0,55,Female,FALSE,Account,3.6749575510204058,0.15135510204081312,0.8328506122448984,0.4279714285714225,0.10272571428571495,-0.2331204299324159,0.004654995521537268,0.030747479439080596,0.015134935964349127
P060,control,0,55,Female,FALSE,Impact,4.225704747774481,0.05916172106824881,1.0068570722057368,0.5891790306627106,0.05669634025717076,-0.2525873875951118,0.049609753285681346,0.018293323426911964,0.014996144629253713
P061,control,0,58,Female,FALSE,Account,1.1095039123630674,0.1105571205007817,0.8608661971830988,0.23714866979656513,1.3732566510172144,-0.02733123387463954,0.2490230687509484,0.15208130342162665,0.07060830776828791
P061,control,0,58,Female,FALSE,Impact,0.8917123287671223,0.2205136986301361,0.6395125214041096,0.19622859589040764,1.0532523544520545,0.029294329052375563,0.21260699751598758,0.07844933155588137,0.09204509620685551
P062,control,0,59,Male,FALSE,Account,1.1605997380662059,0.20436029444971357,1.1204746420990839,0.20744975838865784,0.6330316578602715,-0.27757111361079856,0.005106141732283482,0.03914979436073863,0.046722785378294836
P062,control,0,59,Male,FALSE,Impact,1.2163410001381405,0.3313192429893632,1.2401295068379607,0.20922537643320976,0.7660212045862684,-0.3796117984975696,-0.007557950886938833,0.0849741982871638,0.09680230170809054
P063,control,0,71,Female,FALSE,Account,0.8512026974577931,0.055115951872696245,0.7540651077042497,0.5637094896176978,0.6085707354938874,-0.05464374969846096,0.027418777440053936,0.027978675486246093,0.018281313065832715
P063,control,0,71,Female,FALSE,Impact,1.2459039207814804,0.13815201391676643,0.9372621437173828,0.4972942593336001,0.8944051920246225,-0.06629072204229385,0.048187464278910276,0.03410168147296626,0.01576109062359321
P064,control,0,41,Female,FALSE,Account,2.4786552883372117,0.047510343935866624,1.192889190587018,0.8535848202741108,0.5624308249288859,-0.1083829521309835,0.08548325209348845,0.11554585187169988,0.12487255223969711
P064,control,0,41,Female,FALSE,Impact,2.6719785709986166,0.026679106723650894,1.178790706073557,0.930191416360681,0.510092096550894,-0.13409213671128112,0.05656626434034417,0.0490576345619504,0.06231203465129558
P065,control,0,57,Male,FALSE,Account,1.0065735547886119,0.3263654012079377,1.3328699309749783,2.0071807592752373,0.9290951251078515,-0.24771731867658153,0.11819926716240974,0.016710550833573902,0.025039847527818945
P065,control,0,57,Male,FALSE,Impact,1.0017195233730536,0.37098441796516957,1.3833290559120075,1.999950504124656,0.8508542621448217,-0.25388908081431216,0.1281404071560766,0.015578218714661047,0.0176220500671349
P066,control,0,34,Male,FALSE,Account,1.4207289409965587,0.2075391869504268,0.9767114820950685,1.8510749330954497,0.9458404485790742,-0.27770969567404424,0.10591819668008047,0.06262626082004158,0.07659462056102329
P066,control,0,34,Male,FALSE,Impact,1.7735318748931808,0.030034182191079596,1.3229012134677833,2.2254238591693727,0.5074799179627366,-0.24193519382475193,0.17652794978369674,0.0481257965882278,0.06393657783888793
P067,control,0,73,Female,FALSE,Account,0.37269294907427347,0.11400393380937944,0.34766964552956797,0.0793235558216075,0.9609530935990088,-0.1351461772923546,-3.522140377613585e-5,0.04838717494814414,0.036490748729145026
P067,control,0,73,Female,FALSE,Impact,0.3814277456647423,0.1108056358381471,0.6366206647398842,0.11284682080925211,0.9072593930635839,-0.10419919389053882,0.013058973271107315,0.052224963245,0.050689191177764034
P068,control,0,27,Male,TRUE,Account,0.0025899554990466435,0.873092180546726,0.5460457724094084,0.06952574698029389,1.0863191354100448,-0.046941767323585515,0.013891290527654159,0.006393286312042642,0.004471752076396552
P068,control,0,27,Male,TRUE,Impact,2.670071975853491e-5,0.8941664731831901,0.23175760390062622,0.012039702809380244,1.207014162990481,-0.034205711632226646,0.04571952635244951,0.006004893704602604,0.004417950465022189
P069,control,0,63,Female,FALSE,Account,0.031868193555629844,0.671240597283036,0.14219490288537243,0.2398203660042658,1.053803749859661,0.08928966250332188,0.14003460005314913,0.043763330973270675,0.02915202287958284
P069,control,0,63,Female,FALSE,Impact,0.03217804116485127,0.6200815650289938,0.17168291594978624,0.21974001147008124,1.1412623462690363,0.0798542898375308,0.1311757366975467,0.04943772251855049,0.01946182339433773
P070,control,0,70,Female,FALSE,Account,0.3875637960749415,0.7290715516762108,0.40934397064546596,0.35514705064768604,0.6553438594540503,0.00532555673382825,-0.07842276422764277,0.12446656942709067,0.271708515147132
P070,control,0,70,Female,FALSE,Impact,0.39650069412309136,0.7416594169366034,0.42549930587690876,0.4745849143914858,0.7364812586765387,0.05688859329786247,-0.09589204704564534,0.1312519276737919,0.2852710952870989
P071,control,0,46,Male,FALSE,Account,0.14815250121418053,0.0385915492957753,0.7429286061194754,0.3770684798445851,1.0002340942204946,0.08623438562408937,0.09924866440019427,0.009488430266267254,0.0116989593508629
P071,control,0,46,Male,FALSE,Impact,0.16993986770896333,0.034539987973539445,0.7010932050511114,0.39335658448587124,0.8615766686710753,0.07422365100348514,0.14018230981853136,0.013112805690504412,0.01606717419269675
P072,control,0,34,Male,FALSE,Account,0.0038679429576090976,0.021599921859737848,0.6517894119945311,1.2370124373249978,0.058329751904670005,0.1891526195899772,0.07054904002603325,0.024450650051600728,0.013477726618901717
P072,control,0,34,Male,FALSE,Impact,0.0038373825055213213,0.020007190918896006,0.6103492732035538,1.1991098669680003,0.01955005393189161,0.1484163543965915,0.08268923566552032,0.027600805533880644,0.015402353549588589
P073,control,0,58,Female,FALSE,Account,0.3420683287165287,0.3294567559248999,1.341320406278855,0.5650969529085879,2.007325330871037,-0.14247163431433954,0.24142179085785856,0.1573777498164032,0.07787508544371356
P073,control,0,58,Female,FALSE,Impact,0.2621744877726383,0.2539301808568176,1.5437559334254638,0.39843297482425055,1.6571609685753772,-0.1352363210943125,0.3367554595632348,0.014844899210818127,0.034864994315838234
P074,control,0,27,Female,FALSE,Account,0.27845306580608686,0.1626329451382093,0.12814578363968301,0.035073663533044995,0.2906482390907803,-0.05680270381553659,0.09585211364260225,0.07077812124750746,0.11245631519021751
P074,control,0,27,Female,FALSE,Impact,0.07946714151323357,0.15490323881197932,0.10742843703803272,0.07308426286789385,0.25270393764279264,-0.014037211176786645,0.06483664696399785,0.021521172798407907,0.01527326818877083
P075,control,0,46,Male,FALSE,Account,8.430589680589756e-4,0.10995546683046825,0.5719886363636361,0.28004453316953426,0.03456848894348753,0.08521468058968058,-0.06611977886977896,0.011869387218436184,0.009503889381582737
P075,control,0,46,Male,FALSE,Impact,6.753645433613985e-5,0.1846093630084419,0.46182655410590945,0.45903607060628887,0.012730621642363287,0.10051450498848806,-0.12100214888718344,0.010232483328851426,0.012131444158288526
P076,control,0,62,Female,FALSE,Account,1.771151771693862,0.0040110602853826996,0.8439147948385334,0.06945176486652407,1.1058005052229123,-0.09584706765890626,0.01549846384925242,0.008722992889102294,0.006500112920373361
P076,control,0,62,Female,FALSE,Impact,1.9798505630570502,0.014409457223673108,0.820186796178684,0.10928110156375734,1.090812296525591,-0.08362168610816542,0.020594644750795314,0.023668024990849773,0.019066164751095984
P077,control,0,68,Male,FALSE,Account,1.6254924353343094,0.10478477306002847,0.64531429965837,0.8645866276232305,0.23995510004880488,0.03975389119297378,-0.15138282507928774,0.012420157812752885,0.009291740414671455
P077,control,0,68,Male,FALSE,Impact,1.7705272544866808,0.2158956638055921,0.7230319919741391,0.7263058744844496,0.11932449002340724,-0.00734916123279272,-0.1525041520370061,0.012107887361156875,0.009420060678930725
P078,control,0,52,Male,FALSE,Account,0.8710648518815036,1.436327971468084,1.0643765921828365,1.0467726908799768,1.1127571147827355,-0.0956182506185417,0.03915143356134479,0.01334863881497468,0.010871991711261558
P078,control,0,52,Male,FALSE,Impact,0.490819585587958,1.5617605912630326,1.1933278342351858,0.7455767454137567,1.783853108090273,-0.11219569949211794,0.0036447463887606967,0.014655451406786337,0.012791709675082898
P079,control,0,66,Male,FALSE,Account,0.5554767184035523,0.2008158508158545,1.3221632838706012,0.2239302973449306,1.4716754789925528,-0.28894225336810075,-0.05460718166014777,0.04491656607983773,0.07716486165603871
P079,control,0,66,Male,FALSE,Impact,0.6320514455782341,0.1899532312925163,1.4011429988662132,0.20225340136054293,1.628448837868481,-0.3065517338795113,-0.08819754219930787,0.019773184128168707,0.025661872759384773
P080,control,0,42,Male,TRUE,Account,0.2879321885913773,0.34250291036088437,1.1958803841676369,0.29268432285603463,1.2968228560341482,0.07779569684047287,0.04027364799379722,0.01963953944396629,0.014710220885414746
P080,control,0,42,Male,TRUE,Impact,0.19840247397797503,0.4228817820686871,1.1976054709106452,0.276421783074366,1.25669080303716,0.03329563162921629,0.021552958327049728,0.014248237302827415,0.014654639047287159
P081,control,0,71,Male,FALSE,Account,1.8030111111111111,1.0143,1.1139069444444447,1.5768416666666667,0.18828194444444585,-0.18507438586806513,0.019864062931272426,0.021898662396795048,0.01912634971127852
P081,control,0,71,Male,FALSE,Impact,1.944537867078826,0.7851066460587326,1.4380865533230291,1.5733755795981457,0.4220340030911889,-0.031119642306506348,-0.013501079247610173,0.01629746425513613,0.014253802375910046
P082,control,0,58,Male,FALSE,Account,0.018760390841475842,0.2669141023771322,0.6773640075834914,0.35611783578824546,0.07311433571532636,-0.010858735246976515,0.3689348681334694,0.01733353089420834,0.03182356987000986
P082,control,0,58,Male,FALSE,Impact,0.012308635353613036,0.42220021454294565,0.5718454524557518,0.3934637192552284,0.06641866523638383,0.01865430869398694,0.3446355036384527,0.014410079415285524,0.01597124604223835
P083,control,0,39,Male,FALSE,Account,1.1116218229215158,0.07911181454240819,0.2497272134810556,0.10523135648450041,0.08610185271389946,-0.08329624116114621,0.0689130070710829,0.011103964907247962,0.012007433881133288
P083,control,0,39,Male,FALSE,Impact,1.2512553102873802,0.022782174094127305,0.20633402748854762,0.026258225739274707,0.08561266139108294,-0.043495376926280784,0.09992936276551435,0.010264126813011847,0.00884523905360174
P084,control,0,31,Male,FALSE,Account,0.14867619405791707,0.9724830763444905,0.0782277171869155,0.061436630312148695,0.49775103422339134,0.05160321135175504,-0.05206848394324119,0.022700263529286648,0.02482240903780124
P084,control,0,31,Male,FALSE,Impact,0.10273235908142005,0.8316334029227548,0.20941294363256657,0.09845511482254804,0.5584835073068883,0.012676649703845827,-0.06625644448152165,0.021475184457230123,0.03271656337553841
P085,control,0,59,Male,FALSE,Account,0.2920904059040537,0.8785393603936043,0.23201599015990196,0.9896580565805663,0.015586715867158877,0.1744490221323034,0.006167433020660848,0.025174875800114824,0.0487139462491597
P085,control,0,59,Male,FALSE,Impact,0.6686329926743211,0.6714692050284893,0.2255304332097315,0.9681043682734923,0.018159989147147088,0.24064183355182855,0.022205912933411676,0.014643699309791449,0.016106067954494287
P086,control,0,61,Male,FALSE,Account,0.29284575389947953,0.07328942807625642,2.5165684575389946,0.256887348353552,3.234712305025997,-0.11324297999297998,-0.4495299227799229,0.03762717968653489,0.030216721946842735
P086,control,0,61,Male,FALSE,Impact,0.29444527670074033,0.08497047937962766,2.941843056045118,0.2597400422982145,3.220330895311951,-0.1363402974658701,-0.5505707244733284,0.027152807000921847,0.025271346060178064
P087,control,0,49,Male,FALSE,Account,0.5494313735998722,0.46089072297550415,0.5079516587169742,0.39903799774909254,0.8037215284849272,0.027029884944599868,0.08703055596471429,0.27134937848571306,0.32162032095479187
P087,control,0,49,Male,FALSE,Impact,0.7252287240974848,0.548694122246839,0.4569390503497104,0.13697423867240144,0.6447113254268202,0.040947403752559355,0.0632973852918476,0.3163069090879345,0.30955214889545585
P088,control,0,30,Female,FALSE,Account,0.19080233793836288,0.018603309549112323,0.12246470320327756,0.01174889934720035,0.21994079247001502,-0.0059820350241545864,-0.015496980676328544,0.06376236360586564,0.05649537512026618
P088,control,0,30,Female,FALSE,Impact,0.13375841497454938,0.009604838268293638,0.10435444146461739,0.011724590881724492,0.2658748836954732,-0.01393530962361175,0.015552136899874704,0.054848559874541306,0.047903434358468486
P089,control,0,64,Female,FALSE,Account,0.7217202380952382,0.6555952380952385,1.1103700396825396,0.19996230158730166,2.1507291666666672,0.03725999426851983,0.030978077088408024,0.07899726778170048,0.09575030106877551
P089,control,0,64,Female,FALSE,Impact,0.6003573883161495,0.6550841924398628,1.237581615120275,0.14266065292096153,2.053721649484537,0.04516791851598953,0.017950495049505008,0.07551422644287331,0.11590681639603927
P090,control,0,42,Male,FALSE,Account,0.06989795918367488,3.43030829353015e-4,0.7717607468519323,0.4782739904472427,0.6621993052540164,0.03283825445071651,0.03430254016500216,0.010277867841391368,0.010083733680632262
P090,control,0,42,Male,FALSE,Impact,0.05355274261603353,0.002607594936708733,0.7664613220815752,0.9521575246132205,0.5929282700421942,0.09359191759112526,0.10176180665610153,0.14213738667466844,0.1374031165999604
P091,control,0,40,Male,FALSE,Account,7.612721180411594e-4,0.7093416024925052,0.9614396566927281,0.551195696902002,1.906612192110987,3.014328984155345e-4,5.726933830382106e-4,0.03045633876708926,0.04167415004350928
P091,control,0,40,Male,FALSE,Impact,0.0051306017925736806,0.8661267605633804,0.9252855313700384,0.5398386683738801,1.8825339308578746,0.0176471884468579,0.01032141030181403,0.024178125093553045,0.051135767487266885
P092,control,0,62,Male,FALSE,Account,1.4317524126918,6.248698187877177e-6,0.8910831076858995,0.23287301256681497,0.1554363674234526,-0.17319704228285765,0.03532854266472266,0.007825414995031636,0.006621892882857189
P092,control,0,62,Male,FALSE,Impact,1.3718921589688509,0.0028253490870028875,1.0590345864661654,0.35301825993554475,0.20481203007518994,-0.1770853485675014,0.022421545466260046,0.008628471212440706,0.007286685829511711
